-- ==========================================
-- Скрипт создания таблиц
-- ==========================================

create table Hotel
(
    ID_hotel SERIAL primary key,
    name     VARCHAR(255) not null,
    location VARCHAR(255) not null
);

create table Room
(
    ID_room   SERIAL primary key,
    ID_hotel  INT,
    room_type VARCHAR(20)    not null check (room_type in ('Single', 'Double', 'Suite')),
    price     DECIMAL(10, 2) not null,
    capacity  INT            not null,
    foreign key (ID_hotel) references Hotel (ID_hotel)
);

create table Customer
(
    ID_customer SERIAL primary key,
    name        VARCHAR(255)        not null,
    email       VARCHAR(255) unique not null,
    phone       VARCHAR(20)         not null
);

create table Booking
(
    ID_booking     SERIAL primary key,
    ID_room        INT,
    ID_customer    INT,
    check_in_date  DATE not null,
    check_out_date DATE not null,
    foreign key (ID_room) references Room (ID_room),
    foreign key (ID_customer) references Customer (ID_customer)
);


-- ==========================================
-- Скрипт наполнения базы данными
-- ==========================================

insert into Hotel (ID_hotel, name, location)
values (1, 'Grand Hotel', 'Paris, France'),
       (2, 'Ocean View Resort', 'Miami, USA'),
       (3, 'Mountain Retreat', 'Aspen, USA'),
       (4, 'City Center Inn', 'New York, USA'),
       (5, 'Desert Oasis', 'Las Vegas, USA'),
       (6, 'Lakeside Lodge', 'Lake Tahoe, USA'),
       (7, 'Historic Castle', 'Edinburgh, Scotland'),
       (8, 'Tropical Paradise', 'Bali, Indonesia'),
       (9, 'Business Suites', 'Tokyo, Japan'),
       (10, 'Eco-Friendly Hotel', 'Copenhagen, Denmark');


insert into Room (ID_room, ID_hotel, room_type, price, capacity)
values (1, 1, 'Single', 150.00, 1),
       (2, 1, 'Double', 200.00, 2),
       (3, 1, 'Suite', 350.00, 4),
       (4, 2, 'Single', 120.00, 1),
       (5, 2, 'Double', 180.00, 2),
       (6, 2, 'Suite', 300.00, 4),
       (7, 3, 'Double', 250.00, 2),
       (8, 3, 'Suite', 400.00, 4),
       (9, 4, 'Single', 100.00, 1),
       (10, 4, 'Double', 150.00, 2),
       (11, 5, 'Single', 90.00, 1),
       (12, 5, 'Double', 140.00, 2),
       (13, 6, 'Suite', 280.00, 4),
       (14, 7, 'Double', 220.00, 2),
       (15, 8, 'Single', 130.00, 1),
       (16, 8, 'Double', 190.00, 2),
       (17, 9, 'Suite', 360.00, 4),
       (18, 10, 'Single', 110.00, 1),
       (19, 10, 'Double', 160.00, 2);


insert into Customer (ID_customer, name, email, phone)
values (1, 'John Doe', 'john.doe@example.com', '+1234567890'),
       (2, 'Jane Smith', 'jane.smith@example.com', '+0987654321'),
       (3, 'Alice Johnson', 'alice.johnson@example.com', '+1122334455'),
       (4, 'Bob Brown', 'bob.brown@example.com', '+2233445566'),
       (5, 'Charlie White', 'charlie.white@example.com', '+3344556677'),
       (6, 'Diana Prince', 'diana.prince@example.com', '+4455667788'),
       (7, 'Ethan Hunt', 'ethan.hunt@example.com', '+5566778899'),
       (8, 'Fiona Apple', 'fiona.apple@example.com', '+6677889900'),
       (9, 'George Washington', 'george.washington@example.com', '+7788990011'),
       (10, 'Hannah Montana', 'hannah.montana@example.com', '+8899001122');


insert into Booking (ID_booking, ID_room, ID_customer, check_in_date, check_out_date)
values (1, 1, 1, '2025-05-01', '2025-05-05'),
       (2, 2, 2, '2025-05-02', '2025-05-06'),
       (3, 3, 3, '2025-05-03', '2025-05-07'),
       (4, 4, 4, '2025-05-04', '2025-05-08'),
       (5, 5, 5, '2025-05-05', '2025-05-09'),
       (6, 6, 6, '2025-05-06', '2025-05-10'),
       (7, 7, 7, '2025-05-07', '2025-05-11'),
       (8, 8, 8, '2025-05-08', '2025-05-12'),
       (9, 9, 9, '2025-05-09', '2025-05-13'),
       (10, 10, 10, '2025-05-10', '2025-05-14'),
       (11, 1, 2, '2025-05-11', '2025-05-15'),
       (12, 2, 3, '2025-05-12', '2025-05-14'),
       (13, 3, 4, '2025-05-13', '2025-05-15'),
       (14, 4, 5, '2025-05-14', '2025-05-16'),
       (15, 5, 6, '2025-05-15', '2025-05-16'),
       (16, 6, 7, '2025-05-16', '2025-05-18'),
       (17, 7, 8, '2025-05-17', '2025-05-21'),
       (18, 8, 9, '2025-05-18', '2025-05-19'),
       (19, 9, 10, '2025-05-19', '2025-05-22'),
       (20, 10, 1, '2025-05-20', '2025-05-22'),
       (21, 1, 2, '2025-05-21', '2025-05-23'),
       (22, 2, 3, '2025-05-22', '2025-05-25'),
       (23, 3, 4, '2025-05-23', '2025-05-26'),
       (24, 4, 5, '2025-05-24', '2025-05-25'),
       (25, 5, 6, '2025-05-25', '2025-05-27'),
       (26, 6, 7, '2025-05-26', '2025-05-29');
